leading_item_id,following_item_id,value
CCLHWFWF,AHMDUILJ,125312
OJIFIHMZ,AHMDUILJ,125312
XIPPENFQ,AHMDUILJ,125312
LLHREMKS,AHMDUILJ,125312
LSOIUSXD,AHMDUILJ,125312
STZDBITS,AHMDUILJ,125312
HCDTGMST,AHMDUILJ,125312
XMKRPGLB,AHMDUILJ,130800
QKXNTIIB,AHMDUILJ,125312
WBLJNPZQ,AHMDUILJ,130800
FQCLOEXA,AHMDUILJ,130800
ROACSLMG,AHMDUILJ,130800
APQGTRMF,AHMDUILJ,130800
XUOIQPFL,APQGTRMF,31059
ZKENOUDA,APQGTRMF,33369
SDWAYPIK,APQGTRMF,31059
OXKURKXR,APQGTRMF,31059
LRVGFDFM,APQGTRMF,31059
UGEQLMXM,APQGTRMF,31059
ATLDMDBO,APQGTRMF,31059
VBYCLTYZ,APQGTRMF,31059
JPBRUTWP,APQGTRMF,31059
JBVHSUWY,APQGTRMF,31059
OKMBFVKS,APQGTRMF,31059
LTOYKIML,APQGTRMF,33369
ELQGMQWE,APQGTRMF,33369
DNMPSKTB,APQGTRMF,31059
ROACSLMG,APQGTRMF,31059
QRKRBYJL,APQGTRMF,31059
BTMOEMEP,APQGTRMF,31059
QJQJSWFU,APQGTRMF,31059
RCBZUSIM,APQGTRMF,31059
FQCLOEXA,APQGTRMF,33369
RJGPVEXX,APQGTRMF,33369
AHMDUILJ,APQGTRMF,31059
NZKBIBNU,APQGTRMF,33369
QVLMOEYE,APQGTRMF,31059
VUAFAIYJ,APQGTRMF,33369
DEWLVASR,APQGTRMF,33369
GYHKIVQT,APQGTRMF,31059
WBLJNPZQ,APQGTRMF,31059
BEZYMBBT,APQGTRMF,31059
VMAQSTJE,APQGTRMF,31059
VBYCLTYZ,ATLDMDBO,34159979
BTMOEMEP,ATLDMDBO,34159979
DNMPSKTB,ATLDMDBO,34159979
SDWAYPIK,ATLDMDBO,34159979
QRKRBYJL,ATLDMDBO,34159979
QVLMOEYE,ATLDMDBO,34159979
UGEQLMXM,ATLDMDBO,34159979
OXKURKXR,ATLDMDBO,34159979
APQGTRMF,ATLDMDBO,34159979
EVBVXETX,ATLDMDBO,34159979
LRVGFDFM,ATLDMDBO,34159979
JPBRUTWP,ATLDMDBO,34159979
VUAFAIYJ,ATLDMDBO,34180133
XUOIQPFL,ATLDMDBO,34159979
FRHNWLNI,ATLDMDBO,34159979
WBLJNPZQ,ATLDMDBO,34159979
UXSPKBJR,ATLDMDBO,34159979
RCBZUSIM,ATLDMDBO,34159979
QJQJSWFU,ATLDMDBO,34159979
DBWLZWNK,ATLDMDBO,34159979
OKMBFVKS,ATLDMDBO,34159979
AHMDUILJ,ATLDMDBO,34159979
UIFPPCLR,ATLDMDBO,34159979
ROACSLMG,ATLDMDBO,34159979
ZCELVYQU,ATLDMDBO,34159979
ZGJXVMNI,ATLDMDBO,34180133
BEZYMBBT,ATLDMDBO,34159979
HCDTGMST,ATLDMDBO,34180133
SAHWCZNH,ATLDMDBO,34180133
AXULOHBQ,ATLDMDBO,34180133
QVLMOEYE,AXULOHBQ,42282
ATLDMDBO,AXULOHBQ,42282
RCBZUSIM,AXULOHBQ,42282
QRKRBYJL,AXULOHBQ,42282
DNMPSKTB,AXULOHBQ,42282
XUOIQPFL,AXULOHBQ,42282
GYHKIVQT,AXULOHBQ,42282
DBWLZWNK,AXULOHBQ,42282
HXYSSRXE,AXULOHBQ,42282
RAWUKQMJ,AXULOHBQ,42282
VBYCLTYZ,AXULOHBQ,42282
SDWAYPIK,AXULOHBQ,42282
IGDVVKUD,AXULOHBQ,42282
UXSPKBJR,AXULOHBQ,42282
UGEQLMXM,AXULOHBQ,42282
JPBRUTWP,AXULOHBQ,42282
WBLJNPZQ,AXULOHBQ,42282
OKMBFVKS,AXULOHBQ,42282
LRVGFDFM,AXULOHBQ,42282
BTMOEMEP,AXULOHBQ,42282
APQGTRMF,AXULOHBQ,42282
FRHNWLNI,AXULOHBQ,42282
OXKURKXR,AXULOHBQ,42282
UIFPPCLR,AXULOHBQ,42282
LUENUFGA,AXULOHBQ,46677
SAHWCZNH,AXULOHBQ,46677
XIFHSOWQ,AXULOHBQ,46677
YSYHGLQK,AXULOHBQ,43835
HCDTGMST,AXULOHBQ,42412
ZKENOUDA,AXULOHBQ,46677
SDWAYPIK,BEZYMBBT,3621010
DEWLVASR,BEZYMBBT,3625612
GYHKIVQT,BEZYMBBT,3621010
OXKURKXR,BEZYMBBT,3621010
OKMBFVKS,BEZYMBBT,3621010
ZKENOUDA,BEZYMBBT,3625612
QVLMOEYE,BEZYMBBT,3621010
QRKRBYJL,BEZYMBBT,3621010
FTSVTTSR,BEZYMBBT,3625612
UIFPPCLR,BEZYMBBT,3621010
XUOIQPFL,BEZYMBBT,3621010
VMAQSTJE,BEZYMBBT,3621010
JPBRUTWP,BEZYMBBT,3621010
ATLDMDBO,BEZYMBBT,3621010
APQGTRMF,BEZYMBBT,3621010
VBYCLTYZ,BEZYMBBT,3621010
RJGPVEXX,BEZYMBBT,3625612
NZKBIBNU,BEZYMBBT,3625612
UGEQLMXM,BEZYMBBT,3621010
WBLJNPZQ,BEZYMBBT,3621141
ZXERAXWP,BEZYMBBT,3625612
DNMPSKTB,BEZYMBBT,3621010
XIFHSOWQ,BEZYMBBT,3621010
LLHREMKS,BEZYMBBT,3625612
WPQXWHYO,BEZYMBBT,3625612
BTMOEMEP,BEZYMBBT,3621010
ZGJXVMNI,BEZYMBBT,3625612
RCBZUSIM,BJALXPFS,110018
WBLJNPZQ,BJALXPFS,110018
QVLMOEYE,BJALXPFS,110018
SAAYMURU,BJALXPFS,110018
AXULOHBQ,BJALXPFS,110018
QRKRBYJL,BJALXPFS,110018
VBYCLTYZ,BJALXPFS,110018
HXYSSRXE,BJALXPFS,110018
DBWLZWNK,BJALXPFS,110018
ATLDMDBO,BJALXPFS,110018
UXSPKBJR,BJALXPFS,110018
UGEQLMXM,BJALXPFS,110018
LRVGFDFM,BJALXPFS,110018
OKMBFVKS,BJALXPFS,110018
LLHREMKS,BJALXPFS,110018
EVBVXETX,BJALXPFS,110018
APQGTRMF,BJALXPFS,110018
XUOIQPFL,BJALXPFS,110018
RAWUKQMJ,BJALXPFS,110018
SAHWCZNH,BJALXPFS,114429
OXKURKXR,BJALXPFS,110018
KJNSOAHR,BJALXPFS,110018
SDWAYPIK,BJALXPFS,110018
DNMPSKTB,BJALXPFS,110018
AXULOHBQ,BSRMSVTC,548797
VBYCLTYZ,BSRMSVTC,548797
RCBZUSIM,BSRMSVTC,548797
QVLMOEYE,BSRMSVTC,548797
BUZIIBYG,BSRMSVTC,548797
GKQIJYDH,BSRMSVTC,548797
OKMBFVKS,BSRMSVTC,548797
IGDVVKUD,BSRMSVTC,548797
QRKRBYJL,BSRMSVTC,548797
JPBRUTWP,BSRMSVTC,548797
ROACSLMG,BSRMSVTC,548797
FQCLOEXA,BSRMSVTC,561690
GYHKIVQT,BSRMSVTC,548797
LSOIUSXD,BSRMSVTC,548797
SNHYOVBM,BSRMSVTC,548797
ZCELVYQU,BSRMSVTC,548797
FCYBOAXC,BSRMSVTC,548797
LPHPPJUG,BSRMSVTC,561690
APQGTRMF,BSRMSVTC,548797
RAWUKQMJ,BSRMSVTC,548797
FDXPMYGF,BSRMSVTC,548797
ATLDMDBO,BSRMSVTC,548797
WBLJNPZQ,BSRMSVTC,548797
EVBVXETX,BSRMSVTC,548797
LRVGFDFM,BSRMSVTC,548797
UXSPKBJR,BSRMSVTC,548797
UGEQLMXM,BTMOEMEP,10764094
QVLMOEYE,BTMOEMEP,10764094
ROACSLMG,BTMOEMEP,10764094
BUZIIBYG,BTMOEMEP,10764094
XUOIQPFL,BTMOEMEP,10764094
APQGTRMF,BTMOEMEP,10764094
SDWAYPIK,BTMOEMEP,10764094
LRVGFDFM,BTMOEMEP,10764094
JPBRUTWP,BTMOEMEP,10764094
DBWLZWNK,BTMOEMEP,10764094
UXSPKBJR,BTMOEMEP,10764094
OKMBFVKS,BTMOEMEP,10764094
EVBVXETX,BTMOEMEP,10764094
FCYBOAXC,BTMOEMEP,10764094
VBYCLTYZ,BTMOEMEP,10764094
DNMPSKTB,BTMOEMEP,10764094
BEZYMBBT,BTMOEMEP,10764094
OXKURKXR,BTMOEMEP,10764094
VMAQSTJE,BTMOEMEP,10764094
KJNSOAHR,BTMOEMEP,10764094
XIPPENFQ,BTMOEMEP,10767629
RAWUKQMJ,BTMOEMEP,10764094
ZGJXVMNI,BTMOEMEP,10769693
FRHNWLNI,BTMOEMEP,10764225
KJNSOAHR,BUZIIBYG,16607134
RCBZUSIM,BUZIIBYG,16594093
DUCMGGNW,BUZIIBYG,16607134
QJQJSWFU,BUZIIBYG,16607134
STZDBITS,BUZIIBYG,16607134
LRVGFDFM,BUZIIBYG,16607134
JSLXRQOK,BUZIIBYG,16594093
UXSPKBJR,BUZIIBYG,16607134
AHMDUILJ,BUZIIBYG,16607134
QKXNTIIB,BUZIIBYG,16594093
OXKURKXR,BUZIIBYG,16594093
BTMOEMEP,BUZIIBYG,16607134
JERHKLYW,BUZIIBYG,16607134
FCYBOAXC,BUZIIBYG,16607134
JBVHSUWY,BUZIIBYG,16607134
VWMBASNE,CCLHWFWF,16754724
WBLJNPZQ,CCLHWFWF,16754724
VUAFAIYJ,CCLHWFWF,16754724
LSOIUSXD,CCLHWFWF,16754724
OKMBFVKS,CCLHWFWF,16754724
QVLMOEYE,CCLHWFWF,16754724
LTOYKIML,CCLHWFWF,16754724
FCYBOAXC,CCLHWFWF,16754724
QKXNTIIB,CCLHWFWF,16754724
RAWUKQMJ,CCLHWFWF,16754724
JSLXRQOK,CCLHWFWF,16754724
LUENUFGA,CCLHWFWF,16754724
AHMDUILJ,CCLHWFWF,16754855
ATLDMDBO,DBWLZWNK,311883
JBVHSUWY,DBWLZWNK,311883
BEZYMBBT,DBWLZWNK,311883
CCLHWFWF,DBWLZWNK,311883
APQGTRMF,DBWLZWNK,311883
SNHYOVBM,DBWLZWNK,311883
BTMOEMEP,DBWLZWNK,311883
VWMBASNE,DBWLZWNK,311883
ZXERAXWP,DBWLZWNK,314193
OKMBFVKS,DBWLZWNK,311883
WBLJNPZQ,DBWLZWNK,311883
STZDBITS,DBWLZWNK,311883
UXSPKBJR,DBWLZWNK,311883
FTSVTTSR,DBWLZWNK,311883
UIFPPCLR,DBWLZWNK,311883
JSLXRQOK,DBWLZWNK,311883
VBYCLTYZ,DBWLZWNK,311883
RCBZUSIM,DBWLZWNK,311883
KJNSOAHR,DBWLZWNK,312013
JPBRUTWP,DBWLZWNK,311883
WPQXWHYO,DBWLZWNK,312013
OXKURKXR,DBWLZWNK,311883
AHMDUILJ,DBWLZWNK,311883
LPHPPJUG,DDEXPPXU,24266
DNMPSKTB,DDEXPPXU,24471
ELQGMQWE,DDEXPPXU,24266
FRHNWLNI,DDEXPPXU,27446
KAGJCHMR,DDEXPPXU,24266
WBLJNPZQ,DDEXPPXU,24397
SAAYMURU,DDEXPPXU,24397
ZKENOUDA,DEWLVASR,390345
ZGJXVMNI,DEWLVASR,390345
DNMPSKTB,DEWLVASR,392655
GYHKIVQT,DEWLVASR,392655
SDWAYPIK,DEWLVASR,392655
QRKRBYJL,DEWLVASR,392655
ATLDMDBO,DEWLVASR,392655
WBLJNPZQ,DEWLVASR,392655
QVLMOEYE,DEWLVASR,392655
FQCLOEXA,DEWLVASR,390345
FTSVTTSR,DEWLVASR,390345
XUOIQPFL,DEWLVASR,392655
VUAFAIYJ,DEWLVASR,390345
ELQGMQWE,DEWLVASR,390345
ZXERAXWP,DEWLVASR,390345
VWMBASNE,DEWLVASR,392655
RJGPVEXX,DEWLVASR,390345
UIFPPCLR,DEWLVASR,392655
OKMBFVKS,DEWLVASR,392655
OJIFIHMZ,DEWLVASR,390345
UGEQLMXM,DEWLVASR,392655
NZKBIBNU,DEWLVASR,390345
UQYUIVVR,DEWLVASR,390345
VBYCLTYZ,DEWLVASR,392655
OXKURKXR,DEWLVASR,392655
LPHPPJUG,DEWLVASR,390345
AHMDUILJ,DEWLVASR,392655
RAWUKQMJ,DEWLVASR,390476
HXYSSRXE,DEWLVASR,391781
JERHKLYW,DEWLVASR,390345
QRKRBYJL,DNMPSKTB,4930431
QVLMOEYE,DNMPSKTB,4930431
VBYCLTYZ,DNMPSKTB,4930431
ATLDMDBO,DNMPSKTB,4930431
GYHKIVQT,DNMPSKTB,4930431
XUOIQPFL,DNMPSKTB,4930431
SDWAYPIK,DNMPSKTB,4930431
HXYSSRXE,DNMPSKTB,4930431
RCBZUSIM,DNMPSKTB,4930431
BTMOEMEP,DNMPSKTB,4930431
APQGTRMF,DNMPSKTB,4930431
JPBRUTWP,DNMPSKTB,4930431
LRVGFDFM,DNMPSKTB,4930431
OXKURKXR,DNMPSKTB,4930431
RAWUKQMJ,DNMPSKTB,4930431
DEWLVASR,DNMPSKTB,4938970
FRHNWLNI,DNMPSKTB,4930431
IGDVVKUD,DNMPSKTB,4930431
LUENUFGA,DNMPSKTB,4938970
OKMBFVKS,DNMPSKTB,4930431
UGEQLMXM,DNMPSKTB,4930431
WQMVCOEM,DNMPSKTB,4930431
DBWLZWNK,DNMPSKTB,4930431
ZGJXVMNI,DNMPSKTB,4938970
ZKENOUDA,DNMPSKTB,4938970
AXULOHBQ,DNMPSKTB,4930431
WBLJNPZQ,DNMPSKTB,4930431
EVBVXETX,DNMPSKTB,4930431
UXSPKBJR,DNMPSKTB,4930431
ZCELVYQU,DNMPSKTB,4930431
LSOIUSXD,DUCMGGNW,1026054
AHMDUILJ,DUCMGGNW,1026054
WHPUAOID,DUCMGGNW,1026054
VUAFAIYJ,DUCMGGNW,1029441
SDWAYPIK,DUCMGGNW,1026054
APQGTRMF,DUCMGGNW,1026054
JBVHSUWY,DUCMGGNW,1026054
LRVGFDFM,DUCMGGNW,1026054
DBWLZWNK,DUCMGGNW,1026054
XMKRPGLB,DUCMGGNW,1026054
QJQJSWFU,DUCMGGNW,1026054
NZKBIBNU,DUCMGGNW,1026054
JPBRUTWP,DUCMGGNW,1026054
UIFPPCLR,DUCMGGNW,1026054
CCLHWFWF,DUCMGGNW,1026054
UXSPKBJR,DUCMGGNW,1026054
FCYBOAXC,DUCMGGNW,1026054
VBYCLTYZ,DUCMGGNW,1026054
ROACSLMG,DUCMGGNW,1026054
EVBVXETX,DUCMGGNW,1026184
LLHREMKS,ELQGMQWE,369226
GYHKIVQT,ELQGMQWE,374592
FTSVTTSR,ELQGMQWE,369226
ZCELVYQU,ELQGMQWE,369226
OKMBFVKS,ELQGMQWE,374592
UGEQLMXM,ELQGMQWE,374592
DEWLVASR,ELQGMQWE,369226
OXKURKXR,ELQGMQWE,374592
ZKENOUDA,ELQGMQWE,369226
DBWLZWNK,ELQGMQWE,374592
DNMPSKTB,ELQGMQWE,374592
NZKBIBNU,ELQGMQWE,369226
VUAFAIYJ,ELQGMQWE,369226
SDWAYPIK,ELQGMQWE,374592
LSOIUSXD,ELQGMQWE,374592
KAGJCHMR,ELQGMQWE,369226
GKQIJYDH,ELQGMQWE,369226
QRKRBYJL,ELQGMQWE,374592
CCLHWFWF,ELQGMQWE,374592
ZGJXVMNI,ELQGMQWE,369226
QVLMOEYE,ELQGMQWE,374592
STZDBITS,ELQGMQWE,369357
LTOYKIML,ELQGMQWE,369226
XUOIQPFL,ELQGMQWE,369357
SNHYOVBM,ELQGMQWE,369226
LRVGFDFM,ELQGMQWE,369357
LPHPPJUG,ELQGMQWE,369226
RCBZUSIM,ELQGMQWE,369357
RJGPVEXX,ELQGMQWE,369226
JPBRUTWP,ELQGMQWE,369357
GYHKIVQT,EVBVXETX,5210183
FQCLOEXA,EVBVXETX,5206796
HXYSSRXE,EVBVXETX,5210183
ZGJXVMNI,EVBVXETX,5206796
SAHWCZNH,EVBVXETX,5210183
AXULOHBQ,EVBVXETX,5210183
DNMPSKTB,EVBVXETX,5210183
WPQXWHYO,EVBVXETX,5206796
ZKENOUDA,EVBVXETX,5206796
XIFHSOWQ,EVBVXETX,5210183
KEUWZRKO,EVBVXETX,5210183
NZKBIBNU,EVBVXETX,5206796
KJNSOAHR,EVBVXETX,5206796
RAWUKQMJ,EVBVXETX,5210183
BJALXPFS,EVBVXETX,5210183
SDWAYPIK,EVBVXETX,5210183
JPBRUTWP,EVBVXETX,5210183
FDXPMYGF,EVBVXETX,5210183
ATLDMDBO,EVBVXETX,5210183
BSRMSVTC,EVBVXETX,5210183
QRKRBYJL,EVBVXETX,5210183
LPHPPJUG,EVBVXETX,5206796
DEWLVASR,EVBVXETX,5206796
QVLMOEYE,EVBVXETX,5210183
BUZIIBYG,EVBVXETX,5206796
VWMBASNE,EVBVXETX,5210183
LSOIUSXD,EVBVXETX,5210183
VMAQSTJE,EVBVXETX,5210183
LRVGFDFM,EVBVXETX,5206796
APQGTRMF,EVBVXETX,5206927
LSOIUSXD,FCYBOAXC,108267039
KJNSOAHR,FCYBOAXC,108269634
OKMBFVKS,FCYBOAXC,108267039
VWMBASNE,FCYBOAXC,108267039
UGEQLMXM,FCYBOAXC,108267039
RJGPVEXX,FCYBOAXC,108269634
MBSBZBXA,FCYBOAXC,108269634
CCLHWFWF,FCYBOAXC,108269634
XIFHSOWQ,FCYBOAXC,108267039
XMKRPGLB,FCYBOAXC,108267039
GYHKIVQT,FCYBOAXC,108267039
ZXERAXWP,FCYBOAXC,108269634
DEWLVASR,FCYBOAXC,108269634
VUAFAIYJ,FCYBOAXC,108269634
JPBRUTWP,FCYBOAXC,108267039
VMAQSTJE,FCYBOAXC,108270796
QVLMOEYE,FCYBOAXC,108269241
LRVGFDFM,FCYBOAXC,108269634
WPQXWHYO,FCYBOAXC,108269634
QJQJSWFU,FCYBOAXC,108269765
UQYUIVVR,FCYBOAXC,108269634
QVLMOEYE,FDXPMYGF,6939
IGDVVKUD,FDXPMYGF,6939
VBYCLTYZ,FDXPMYGF,6939
UGEQLMXM,FDXPMYGF,6939
DBWLZWNK,FDXPMYGF,6939
QRKRBYJL,FDXPMYGF,6939
BUZIIBYG,FDXPMYGF,6939
WHPUAOID,FDXPMYGF,6939
EVBVXETX,FDXPMYGF,6939
ROACSLMG,FDXPMYGF,6939
OKMBFVKS,FDXPMYGF,6939
JPBRUTWP,FDXPMYGF,6939
ATLDMDBO,FDXPMYGF,6939
WQMVCOEM,FDXPMYGF,6939
APQGTRMF,FDXPMYGF,6939
FQCLOEXA,FDXPMYGF,6939
ZCELVYQU,FDXPMYGF,6939
OXKURKXR,FDXPMYGF,6939
GYHKIVQT,FDXPMYGF,6939
LSOIUSXD,FDXPMYGF,6939
LRVGFDFM,FDXPMYGF,6939
FRHNWLNI,FDXPMYGF,6939
RAWUKQMJ,FDXPMYGF,6939
BTMOEMEP,FDXPMYGF,6939
SDWAYPIK,FDXPMYGF,6939
FITUEHWN,FDXPMYGF,6939
GKQIJYDH,FDXPMYGF,6939
JSLXRQOK,FDXPMYGF,6939
BSRMSVTC,FITUEHWN,60237
RJGPVEXX,FITUEHWN,60237
FQCLOEXA,FITUEHWN,60237
ZGJXVMNI,FITUEHWN,60237
OJIFIHMZ,FITUEHWN,60237
NZKBIBNU,FITUEHWN,60237
WPQXWHYO,FITUEHWN,60237
WHPUAOID,FITUEHWN,60237
UXSPKBJR,FITUEHWN,60237
SDWAYPIK,FITUEHWN,62547
ZKENOUDA,FITUEHWN,60237
OXKURKXR,FITUEHWN,62547
GYHKIVQT,FITUEHWN,60368
VWMBASNE,FITUEHWN,60368
CCLHWFWF,FITUEHWN,60237
ZXERAXWP,FQCLOEXA,2434799
LLHREMKS,FQCLOEXA,2434799
ZKENOUDA,FQCLOEXA,2434799
ZGJXVMNI,FQCLOEXA,2434799
JPBRUTWP,FQCLOEXA,2438187
DEWLVASR,FQCLOEXA,2434799
ELQGMQWE,FQCLOEXA,2434799
KJNSOAHR,FQCLOEXA,2434799
SDWAYPIK,FQCLOEXA,2438187
DNMPSKTB,FQCLOEXA,2438187
OKMBFVKS,FQCLOEXA,2438187
GYHKIVQT,FQCLOEXA,2438187
UGEQLMXM,FQCLOEXA,2438187
RAWUKQMJ,FQCLOEXA,2438187
RJGPVEXX,FQCLOEXA,2434799
QRKRBYJL,FQCLOEXA,2438187
APQGTRMF,FQCLOEXA,2438187
YSYHGLQK,FQCLOEXA,2434799
LSOIUSXD,FQCLOEXA,2438187
QVLMOEYE,FQCLOEXA,2438187
ATLDMDBO,FQCLOEXA,2438187
ZCELVYQU,FQCLOEXA,2434799
BTMOEMEP,FQCLOEXA,2438187
VBYCLTYZ,FQCLOEXA,2438187
DBWLZWNK,FQCLOEXA,2436235
JBVHSUWY,FQCLOEXA,2436235
UQYUIVVR,FQCLOEXA,2434799
IGDVVKUD,FQCLOEXA,2438187
AXULOHBQ,FQCLOEXA,2434930
UIFPPCLR,FQCLOEXA,2434930
EVBVXETX,FRHNWLNI,1263093
DBWLZWNK,FRHNWLNI,1263093
FQCLOEXA,FRHNWLNI,1263093
NZKBIBNU,FRHNWLNI,1263093
SAHWCZNH,FRHNWLNI,1268072
BUZIIBYG,FRHNWLNI,1263093
QRKRBYJL,FRHNWLNI,1263093
XIFHSOWQ,FRHNWLNI,1268072
BTMOEMEP,FRHNWLNI,1263093
HCDTGMST,FRHNWLNI,1268072
QVLMOEYE,FRHNWLNI,1263093
UXSPKBJR,FRHNWLNI,1263093
RJGPVEXX,FRHNWLNI,1263093
VBYCLTYZ,FRHNWLNI,1263093
DUCMGGNW,FRHNWLNI,1268072
ZXERAXWP,FRHNWLNI,1263093
DDEXPPXU,FRHNWLNI,1263093
RCBZUSIM,FRHNWLNI,1263093
JPBRUTWP,FRHNWLNI,1263093
LRVGFDFM,FRHNWLNI,1263093
VWMBASNE,FRHNWLNI,1266084
WHPUAOID,FRHNWLNI,1263093
JSLXRQOK,FTSVTTSR,161084
ZKENOUDA,FTSVTTSR,161084
KAGJCHMR,FTSVTTSR,161084
JBVHSUWY,FTSVTTSR,161084
NZKBIBNU,FTSVTTSR,161084
ZGJXVMNI,FTSVTTSR,161084
ELQGMQWE,FTSVTTSR,161084
LTOYKIML,FTSVTTSR,168634
DDEXPPXU,FTSVTTSR,161084
DEWLVASR,FTSVTTSR,161084
ZXERAXWP,FTSVTTSR,161084
MBSBZBXA,FTSVTTSR,161084
AHMDUILJ,FTSVTTSR,161215
DBWLZWNK,FTSVTTSR,161084
LLHREMKS,GKQIJYDH,10052842
DDEXPPXU,GKQIJYDH,10052842
KAGJCHMR,GKQIJYDH,10052842
FTSVTTSR,GKQIJYDH,10052842
JSLXRQOK,GKQIJYDH,10052842
ZKENOUDA,GKQIJYDH,10052842
UIFPPCLR,GKQIJYDH,10052973
STZDBITS,GKQIJYDH,10052842
ZCELVYQU,GKQIJYDH,10052842
ZXERAXWP,GKQIJYDH,10052842
XMKRPGLB,GKQIJYDH,10052842
KJNSOAHR,GKQIJYDH,10052842
LTOYKIML,GKQIJYDH,10052842
SDWAYPIK,GYHKIVQT,23147411
DNMPSKTB,GYHKIVQT,23147411
ATLDMDBO,GYHKIVQT,23147411
QRKRBYJL,GYHKIVQT,23147411
JPBRUTWP,GYHKIVQT,23147411
VBYCLTYZ,GYHKIVQT,23147411
UIFPPCLR,GYHKIVQT,23147411
UGEQLMXM,GYHKIVQT,23147411
ZGJXVMNI,GYHKIVQT,23134370
ZKENOUDA,GYHKIVQT,23134370
QVLMOEYE,GYHKIVQT,23147411
XUOIQPFL,GYHKIVQT,23147411
RCBZUSIM,GYHKIVQT,23147411
OKMBFVKS,GYHKIVQT,23147411
HXYSSRXE,GYHKIVQT,23147411
RJGPVEXX,GYHKIVQT,23134370
BTMOEMEP,GYHKIVQT,23147411
BJALXPFS,GYHKIVQT,23147411
LRVGFDFM,GYHKIVQT,23147411
APQGTRMF,GYHKIVQT,23147411
OXKURKXR,GYHKIVQT,23147411
BEZYMBBT,GYHKIVQT,23147411
RAWUKQMJ,GYHKIVQT,23147411
IGDVVKUD,GYHKIVQT,23147411
LSOIUSXD,GYHKIVQT,23147411
ROACSLMG,GYHKIVQT,23147411
QJQJSWFU,GYHKIVQT,23147411
LPHPPJUG,GYHKIVQT,23134370
WBLJNPZQ,GYHKIVQT,23147411
DBWLZWNK,GYHKIVQT,23147411
FDXPMYGF,HCDTGMST,55990
SUOYXCHP,HCDTGMST,55990
UQYUIVVR,HCDTGMST,55990
YSYHGLQK,HCDTGMST,55990
AXULOHBQ,HCDTGMST,55990
QJQJSWFU,HCDTGMST,56638
HXYSSRXE,HCDTGMST,55990
SAAYMURU,HCDTGMST,55990
WPQXWHYO,HCDTGMST,55990
MBSBZBXA,HCDTGMST,55990
QVLMOEYE,HXYSSRXE,4980915
VBYCLTYZ,HXYSSRXE,4980915
QRKRBYJL,HXYSSRXE,4980915
GYHKIVQT,HXYSSRXE,4980915
BTMOEMEP,HXYSSRXE,4980915
ATLDMDBO,HXYSSRXE,4980915
SDWAYPIK,HXYSSRXE,4980915
BEZYMBBT,HXYSSRXE,4980915
WBLJNPZQ,HXYSSRXE,4980915
UXSPKBJR,HXYSSRXE,4980915
IGDVVKUD,HXYSSRXE,4980915
APQGTRMF,HXYSSRXE,4980915
EVBVXETX,HXYSSRXE,4980915
OKMBFVKS,HXYSSRXE,4980915
JPBRUTWP,HXYSSRXE,4980915
LRVGFDFM,HXYSSRXE,4980915
DBWLZWNK,HXYSSRXE,4980915
FDXPMYGF,HXYSSRXE,4980915
UIFPPCLR,HXYSSRXE,4980915
ROACSLMG,HXYSSRXE,4980915
RAWUKQMJ,HXYSSRXE,4980915
RCBZUSIM,HXYSSRXE,4980915
WQMVCOEM,HXYSSRXE,4980915
UGEQLMXM,HXYSSRXE,4980915
OXKURKXR,HXYSSRXE,4980915
XUOIQPFL,HXYSSRXE,4980915
DUCMGGNW,HXYSSRXE,4980915
SAHWCZNH,HXYSSRXE,4984302
VUAFAIYJ,HXYSSRXE,4984302
DNMPSKTB,HXYSSRXE,4980915
LRVGFDFM,IGDVVKUD,10121
BTMOEMEP,IGDVVKUD,10121
XUOIQPFL,IGDVVKUD,10121
UXSPKBJR,IGDVVKUD,10121
FQCLOEXA,IGDVVKUD,10121
EVBVXETX,IGDVVKUD,10121
DBWLZWNK,IGDVVKUD,10121
DNMPSKTB,IGDVVKUD,10121
UGEQLMXM,IGDVVKUD,10121
FRHNWLNI,IGDVVKUD,10121
VBYCLTYZ,IGDVVKUD,10121
JPBRUTWP,IGDVVKUD,10121
OXKURKXR,IGDVVKUD,10121
ATLDMDBO,IGDVVKUD,10121
KJNSOAHR,IGDVVKUD,10121
UIFPPCLR,IGDVVKUD,10121
ZCELVYQU,IGDVVKUD,10121
FITUEHWN,IGDVVKUD,10121
GYHKIVQT,IGDVVKUD,10252
AHMDUILJ,IGDVVKUD,10121
JBVHSUWY,IGDVVKUD,11485
FTSVTTSR,IGDVVKUD,10121
RAWUKQMJ,JBVHSUWY,245761
BTMOEMEP,JBVHSUWY,245761
ZGJXVMNI,JBVHSUWY,252323
OXKURKXR,JBVHSUWY,245761
DNMPSKTB,JBVHSUWY,245761
HXYSSRXE,JBVHSUWY,245761
WBLJNPZQ,JBVHSUWY,245761
ZKENOUDA,JBVHSUWY,252323
ATLDMDBO,JBVHSUWY,245761
KEUWZRKO,JBVHSUWY,245761
UQYUIVVR,JBVHSUWY,245892
DEWLVASR,JBVHSUWY,247799
QRKRBYJL,JBVHSUWY,245761
WHPUAOID,JBVHSUWY,252323
IGDVVKUD,JBVHSUWY,245761
ELQGMQWE,JBVHSUWY,245892
HCDTGMST,JERHKLYW,8010
FDXPMYGF,JERHKLYW,8010
OJIFIHMZ,JERHKLYW,8010
KAGJCHMR,JERHKLYW,8010
VMAQSTJE,JERHKLYW,8010
UQYUIVVR,JERHKLYW,8010
ELQGMQWE,JERHKLYW,9941
LRVGFDFM,JERHKLYW,9182
WHPUAOID,JERHKLYW,8010
VUAFAIYJ,JERHKLYW,8010
QKXNTIIB,JERHKLYW,9182
XIPPENFQ,JERHKLYW,8010
FCYBOAXC,JERHKLYW,8141
XUOIQPFL,JPBRUTWP,4942313
ATLDMDBO,JPBRUTWP,4942313
LRVGFDFM,JPBRUTWP,4942313
QRKRBYJL,JPBRUTWP,4942313
UGEQLMXM,JPBRUTWP,4942313
DNMPSKTB,JPBRUTWP,4942313
VBYCLTYZ,JPBRUTWP,4942313
WQMVCOEM,JPBRUTWP,4942313
BTMOEMEP,JPBRUTWP,4942313
SDWAYPIK,JPBRUTWP,4942313
ROACSLMG,JPBRUTWP,4942313
BEZYMBBT,JPBRUTWP,4942313
LTOYKIML,JPBRUTWP,4945191
OXKURKXR,JPBRUTWP,4942313
DBWLZWNK,JPBRUTWP,4942313
SUOYXCHP,JPBRUTWP,4942313
RCBZUSIM,JPBRUTWP,4942313
IGDVVKUD,JPBRUTWP,4942313
HXYSSRXE,JPBRUTWP,4942313
UXSPKBJR,JPBRUTWP,4942313
AHMDUILJ,JPBRUTWP,4942313
JERHKLYW,JPBRUTWP,4945191
APQGTRMF,JPBRUTWP,4942313
UQYUIVVR,JPBRUTWP,4945191
ZKENOUDA,JPBRUTWP,4942443
FRHNWLNI,JPBRUTWP,4942313
WBLJNPZQ,JPBRUTWP,4942313
BJALXPFS,JPBRUTWP,4942313
GYHKIVQT,JPBRUTWP,4942313
FDXPMYGF,JPBRUTWP,4942313
ZGJXVMNI,JSLXRQOK,4566
NZKBIBNU,JSLXRQOK,4566
ELQGMQWE,JSLXRQOK,4566
DDEXPPXU,JSLXRQOK,4566
UQYUIVVR,JSLXRQOK,4566
CCLHWFWF,JSLXRQOK,4566
LPHPPJUG,JSLXRQOK,4566
KAGJCHMR,JSLXRQOK,4566
MBSBZBXA,JSLXRQOK,4566
QKXNTIIB,JSLXRQOK,4566
AHMDUILJ,KAGJCHMR,17502
LLHREMKS,KAGJCHMR,13371
LUENUFGA,KAGJCHMR,13371
FTSVTTSR,KAGJCHMR,13371
JSLXRQOK,KAGJCHMR,13371
SAAYMURU,KAGJCHMR,13371
FQCLOEXA,KAGJCHMR,13371
XIPPENFQ,KAGJCHMR,13371
YSYHGLQK,KAGJCHMR,13371
ELQGMQWE,KAGJCHMR,13371
HXYSSRXE,KEUWZRKO,384275
AXULOHBQ,KEUWZRKO,384275
VMAQSTJE,KEUWZRKO,384275
SAHWCZNH,KEUWZRKO,384275
LPHPPJUG,KEUWZRKO,388877
FQCLOEXA,KEUWZRKO,388877
DUCMGGNW,KEUWZRKO,384275
BSRMSVTC,KEUWZRKO,384275
UXSPKBJR,KEUWZRKO,388877
GYHKIVQT,KEUWZRKO,384275
BJALXPFS,KEUWZRKO,384275
WQMVCOEM,KEUWZRKO,384275
RCBZUSIM,KEUWZRKO,384275
NZKBIBNU,KEUWZRKO,384405
UQYUIVVR,KEUWZRKO,384275
IGDVVKUD,KEUWZRKO,384275
QRKRBYJL,KEUWZRKO,384275
WPQXWHYO,KEUWZRKO,384405
RAWUKQMJ,KEUWZRKO,384275
XIFHSOWQ,KEUWZRKO,384275
LSOIUSXD,KEUWZRKO,384275
WHPUAOID,KEUWZRKO,384275
SUOYXCHP,KEUWZRKO,384275
GYHKIVQT,KJNSOAHR,9697930
DEWLVASR,KJNSOAHR,9687029
ZGJXVMNI,KJNSOAHR,9687029
ZKENOUDA,KJNSOAHR,9687029
ELQGMQWE,KJNSOAHR,9687029
EVBVXETX,KJNSOAHR,9687029
RJGPVEXX,KJNSOAHR,9687029
FQCLOEXA,KJNSOAHR,9687029
DNMPSKTB,KJNSOAHR,9697930
JSLXRQOK,KJNSOAHR,9687029
SDWAYPIK,KJNSOAHR,9697930
NZKBIBNU,KJNSOAHR,9687029
WPQXWHYO,KJNSOAHR,9687029
JPBRUTWP,KJNSOAHR,9697930
OKMBFVKS,KJNSOAHR,9697930
KAGJCHMR,KJNSOAHR,9687029
LLHREMKS,KJNSOAHR,9687029
ZCELVYQU,KJNSOAHR,9687029
WBLJNPZQ,KJNSOAHR,9697930
XUOIQPFL,KJNSOAHR,9697930
ATLDMDBO,KJNSOAHR,9697930
VBYCLTYZ,KJNSOAHR,9697930
BJALXPFS,KJNSOAHR,9690564
FTSVTTSR,KJNSOAHR,9687029
ZXERAXWP,KJNSOAHR,9687029
HXYSSRXE,KJNSOAHR,9687160
VUAFAIYJ,KJNSOAHR,9687029
UIFPPCLR,KJNSOAHR,9690564
VMAQSTJE,KJNSOAHR,9690564
BUZIIBYG,KJNSOAHR,9687029
FTSVTTSR,LLHREMKS,44681
NZKBIBNU,LLHREMKS,44681
ELQGMQWE,LLHREMKS,44681
QKXNTIIB,LLHREMKS,44681
LTOYKIML,LLHREMKS,44681
ZKENOUDA,LLHREMKS,44681
VUAFAIYJ,LLHREMKS,44681
JBVHSUWY,LLHREMKS,44681
FQCLOEXA,LLHREMKS,44681
OXKURKXR,LLHREMKS,44681
JSLXRQOK,LLHREMKS,44681
GKQIJYDH,LLHREMKS,44681
RJGPVEXX,LLHREMKS,44681
ATLDMDBO,LPHPPJUG,1258825
UIFPPCLR,LPHPPJUG,1258825
QRKRBYJL,LPHPPJUG,1258825
LRVGFDFM,LPHPPJUG,1258825
BTMOEMEP,LPHPPJUG,1258825
DNMPSKTB,LPHPPJUG,1258825
GYHKIVQT,LPHPPJUG,1258825
ZGJXVMNI,LPHPPJUG,1231556
QVLMOEYE,LPHPPJUG,1258825
YSYHGLQK,LPHPPJUG,1231556
ELQGMQWE,LPHPPJUG,1231556
UGEQLMXM,LPHPPJUG,1258825
VBYCLTYZ,LPHPPJUG,1258825
FRHNWLNI,LPHPPJUG,1258825
ZKENOUDA,LPHPPJUG,1231556
UXSPKBJR,LPHPPJUG,1258825
XUOIQPFL,LPHPPJUG,1258825
BEZYMBBT,LPHPPJUG,1258825
APQGTRMF,LPHPPJUG,1258825
SDWAYPIK,LPHPPJUG,1258825
RCBZUSIM,LPHPPJUG,1258825
HXYSSRXE,LPHPPJUG,1258825
JPBRUTWP,LPHPPJUG,1258825
JERHKLYW,LPHPPJUG,1231556
OXKURKXR,LPHPPJUG,1258825
IGDVVKUD,LPHPPJUG,1258825
HCDTGMST,LPHPPJUG,1231556
OKMBFVKS,LPHPPJUG,1258825
WBLJNPZQ,LPHPPJUG,1231687
XUOIQPFL,LRVGFDFM,6606227
ATLDMDBO,LRVGFDFM,6606227
WBLJNPZQ,LRVGFDFM,6606227
VUAFAIYJ,LRVGFDFM,6606227
DBWLZWNK,LRVGFDFM,6606227
QRKRBYJL,LRVGFDFM,6606227
WHPUAOID,LRVGFDFM,6606227
SDWAYPIK,LRVGFDFM,6606227
QVLMOEYE,LRVGFDFM,6606227
CCLHWFWF,LRVGFDFM,6606227
IGDVVKUD,LRVGFDFM,6606227
VWMBASNE,LRVGFDFM,6606227
LSOIUSXD,LRVGFDFM,6606227
BUZIIBYG,LRVGFDFM,6606227
FRHNWLNI,LRVGFDFM,6606227
FCYBOAXC,LRVGFDFM,6606227
ROACSLMG,LRVGFDFM,6606227
VBYCLTYZ,LRVGFDFM,6606227
QKXNTIIB,LRVGFDFM,6606227
GYHKIVQT,LRVGFDFM,6606227
CCLHWFWF,LSOIUSXD,105947
UGEQLMXM,LSOIUSXD,105947
LLHREMKS,LSOIUSXD,105947
LRVGFDFM,LSOIUSXD,105947
WBLJNPZQ,LSOIUSXD,105947
DBWLZWNK,LSOIUSXD,105947
XUOIQPFL,LSOIUSXD,105947
OXKURKXR,LSOIUSXD,105947
FTSVTTSR,LSOIUSXD,105947
FRHNWLNI,LSOIUSXD,105947
FCYBOAXC,LSOIUSXD,108380
DNMPSKTB,LSOIUSXD,105947
ZCELVYQU,LSOIUSXD,105947
JERHKLYW,LSOIUSXD,108380
FDXPMYGF,LSOIUSXD,105947
VUAFAIYJ,LSOIUSXD,105947
XMKRPGLB,LSOIUSXD,106078
ZGJXVMNI,LSOIUSXD,107850
DUCMGGNW,LSOIUSXD,105947
LUENUFGA,LSOIUSXD,108380
ATLDMDBO,LSOIUSXD,105947
KAGJCHMR,LTOYKIML,363441
XMKRPGLB,LTOYKIML,366828
WBLJNPZQ,LTOYKIML,363441
STZDBITS,LTOYKIML,363441
OXKURKXR,LTOYKIML,363441
QKXNTIIB,LTOYKIML,363441
QJQJSWFU,LTOYKIML,364877
FDXPMYGF,LUENUFGA,4119218
SAHWCZNH,LUENUFGA,4119218
AXULOHBQ,LUENUFGA,4119218
XIFHSOWQ,LUENUFGA,4119218
FQCLOEXA,LUENUFGA,4122605
WPQXWHYO,LUENUFGA,4122605
EVBVXETX,LUENUFGA,4122605
HCDTGMST,LUENUFGA,4119218
GYHKIVQT,LUENUFGA,4119218
KEUWZRKO,LUENUFGA,4119218
FRHNWLNI,LUENUFGA,4122605
FCYBOAXC,LUENUFGA,4122605
RJGPVEXX,LUENUFGA,4122605
LPHPPJUG,LUENUFGA,4122605
BSRMSVTC,LUENUFGA,4119218
NZKBIBNU,LUENUFGA,4122605
SUOYXCHP,LUENUFGA,4119218
ZGJXVMNI,LUENUFGA,4122605
BJALXPFS,LUENUFGA,4119218
ZKENOUDA,LUENUFGA,4119348
ZKENOUDA,MBSBZBXA,5410081
ZGJXVMNI,MBSBZBXA,5410081
SAAYMURU,MBSBZBXA,5410081
ZCELVYQU,MBSBZBXA,5410081
LLHREMKS,MBSBZBXA,5410081
RJGPVEXX,MBSBZBXA,5410081
DEWLVASR,MBSBZBXA,5410081
HCDTGMST,MBSBZBXA,5410081
SUOYXCHP,MBSBZBXA,5411517
BJALXPFS,MBSBZBXA,5411517
FTSVTTSR,MBSBZBXA,5410081
FITUEHWN,MBSBZBXA,5410081
GKQIJYDH,MBSBZBXA,5410081
STZDBITS,MBSBZBXA,5410081
XIFHSOWQ,NZKBIBNU,221132
XIPPENFQ,NZKBIBNU,218822
RAWUKQMJ,NZKBIBNU,221132
AXULOHBQ,NZKBIBNU,221132
FQCLOEXA,NZKBIBNU,218822
ZGJXVMNI,NZKBIBNU,218822
HXYSSRXE,NZKBIBNU,221132
GYHKIVQT,NZKBIBNU,221132
LPHPPJUG,NZKBIBNU,218822
KAGJCHMR,NZKBIBNU,218822
WBLJNPZQ,NZKBIBNU,221132
RCBZUSIM,NZKBIBNU,221132
KEUWZRKO,NZKBIBNU,218952
WPQXWHYO,NZKBIBNU,218822
CCLHWFWF,NZKBIBNU,218822
VWMBASNE,NZKBIBNU,221132
EVBVXETX,NZKBIBNU,218822
RJGPVEXX,NZKBIBNU,218822
OXKURKXR,NZKBIBNU,218952
DEWLVASR,OJIFIHMZ,3416832
STZDBITS,OJIFIHMZ,3416832
ZKENOUDA,OJIFIHMZ,3416832
UGEQLMXM,OJIFIHMZ,3418870
HCDTGMST,OJIFIHMZ,3416832
BUZIIBYG,OJIFIHMZ,3416832
SDWAYPIK,OKMBFVKS,1777592
APQGTRMF,OKMBFVKS,1777592
ZKENOUDA,OKMBFVKS,1780979
QRKRBYJL,OKMBFVKS,1777592
DNMPSKTB,OKMBFVKS,1777592
GYHKIVQT,OKMBFVKS,1777592
QVLMOEYE,OKMBFVKS,1777592
DEWLVASR,OKMBFVKS,1780979
ZGJXVMNI,OKMBFVKS,1780979
BEZYMBBT,OKMBFVKS,1777592
BTMOEMEP,OKMBFVKS,1777592
LSOIUSXD,OKMBFVKS,1777592
WBLJNPZQ,OKMBFVKS,1777592
UIFPPCLR,OKMBFVKS,1777592
JPBRUTWP,OKMBFVKS,1777592
VUAFAIYJ,OKMBFVKS,1780979
QJQJSWFU,OKMBFVKS,1777592
AXULOHBQ,OKMBFVKS,1777592
OXKURKXR,OKMBFVKS,1777592
VBYCLTYZ,OKMBFVKS,1777592
JBVHSUWY,OKMBFVKS,1777592
DDEXPPXU,OKMBFVKS,1780979
LPHPPJUG,OKMBFVKS,1780979
BSRMSVTC,OKMBFVKS,1777592
ELQGMQWE,OKMBFVKS,1777722
ROACSLMG,OKMBFVKS,1777592
IGDVVKUD,OKMBFVKS,1777592
UXSPKBJR,OKMBFVKS,1777592
BJALXPFS,OKMBFVKS,1777592
FTSVTTSR,OKMBFVKS,1777722
XUOIQPFL,OXKURKXR,68158
ATLDMDBO,OXKURKXR,68158
LRVGFDFM,OXKURKXR,68158
DNMPSKTB,OXKURKXR,68158
BTMOEMEP,OXKURKXR,68158
QJQJSWFU,OXKURKXR,68158
QRKRBYJL,OXKURKXR,68158
WBLJNPZQ,OXKURKXR,68158
OKMBFVKS,OXKURKXR,68158
QVLMOEYE,OXKURKXR,68158
RCBZUSIM,OXKURKXR,68158
HXYSSRXE,OXKURKXR,68158
SDWAYPIK,OXKURKXR,68158
VBYCLTYZ,OXKURKXR,68158
ROACSLMG,OXKURKXR,68158
JBVHSUWY,OXKURKXR,68158
UGEQLMXM,OXKURKXR,68158
JERHKLYW,OXKURKXR,70590
KJNSOAHR,OXKURKXR,68158
JPBRUTWP,OXKURKXR,68158
BSRMSVTC,OXKURKXR,68158
SDWAYPIK,QJQJSWFU,117951
AXULOHBQ,QJQJSWFU,117951
FQCLOEXA,QJQJSWFU,122362
SUOYXCHP,QJQJSWFU,117951
DNMPSKTB,QJQJSWFU,117951
LRVGFDFM,QJQJSWFU,117951
LPHPPJUG,QJQJSWFU,122362
KEUWZRKO,QJQJSWFU,117951
ZGJXVMNI,QJQJSWFU,121451
QRKRBYJL,QJQJSWFU,117951
OKMBFVKS,QJQJSWFU,117951
FRHNWLNI,QJQJSWFU,117951
BSRMSVTC,QJQJSWFU,117951
QKXNTIIB,QJQJSWFU,117951
JBVHSUWY,QJQJSWFU,117951
LSOIUSXD,QKXNTIIB,2276126
JERHKLYW,QKXNTIIB,2276126
LLHREMKS,QKXNTIIB,2276126
LTOYKIML,QKXNTIIB,2276126
SNHYOVBM,QKXNTIIB,2276126
WBLJNPZQ,QKXNTIIB,2276126
HCDTGMST,QKXNTIIB,2276126
ZXERAXWP,QKXNTIIB,2276126
KAGJCHMR,QKXNTIIB,2276126
CCLHWFWF,QKXNTIIB,2287804
APQGTRMF,QKXNTIIB,2276126
VUAFAIYJ,QKXNTIIB,2276257
VBYCLTYZ,QRKRBYJL,3871988
QVLMOEYE,QRKRBYJL,3871988
UGEQLMXM,QRKRBYJL,3871988
ATLDMDBO,QRKRBYJL,3871988
BTMOEMEP,QRKRBYJL,3871988
UXSPKBJR,QRKRBYJL,3871988
DNMPSKTB,QRKRBYJL,3871988
LRVGFDFM,QRKRBYJL,3871988
SDWAYPIK,QRKRBYJL,3871988
JPBRUTWP,QRKRBYJL,3871988
XUOIQPFL,QRKRBYJL,3871988
KJNSOAHR,QRKRBYJL,3871988
BJALXPFS,QRKRBYJL,3871988
WBLJNPZQ,QRKRBYJL,3871988
GYHKIVQT,QRKRBYJL,3871988
ZGJXVMNI,QRKRBYJL,3875375
OXKURKXR,QRKRBYJL,3871988
EVBVXETX,QRKRBYJL,3871988
ROACSLMG,QRKRBYJL,3871988
UIFPPCLR,QRKRBYJL,3871988
QJQJSWFU,QRKRBYJL,3871988
AHMDUILJ,QRKRBYJL,3871988
IGDVVKUD,QRKRBYJL,3871988
RCBZUSIM,QRKRBYJL,3871988
FRHNWLNI,QRKRBYJL,3871988
WPQXWHYO,QRKRBYJL,3871988
FCYBOAXC,QRKRBYJL,3871988
ZKENOUDA,QRKRBYJL,3872119
ZCELVYQU,QRKRBYJL,3871988
BEZYMBBT,QRKRBYJL,3871988
SDWAYPIK,QVLMOEYE,970739
XUOIQPFL,QVLMOEYE,970739
LRVGFDFM,QVLMOEYE,970739
UGEQLMXM,QVLMOEYE,970739
ATLDMDBO,QVLMOEYE,970739
JPBRUTWP,QVLMOEYE,970739
QRKRBYJL,QVLMOEYE,970739
DNMPSKTB,QVLMOEYE,970739
BTMOEMEP,QVLMOEYE,970739
UXSPKBJR,QVLMOEYE,970739
ZKENOUDA,QVLMOEYE,977739
GYHKIVQT,QVLMOEYE,970739
VBYCLTYZ,QVLMOEYE,970739
ZGJXVMNI,QVLMOEYE,977739
APQGTRMF,QVLMOEYE,970739
AHMDUILJ,QVLMOEYE,970739
KJNSOAHR,QVLMOEYE,970739
OXKURKXR,QVLMOEYE,970739
OKMBFVKS,QVLMOEYE,970739
DEWLVASR,QVLMOEYE,977739
WBLJNPZQ,QVLMOEYE,970739
IGDVVKUD,QVLMOEYE,970739
BJALXPFS,QVLMOEYE,970739
HXYSSRXE,QVLMOEYE,970739
BEZYMBBT,QVLMOEYE,970739
FRHNWLNI,QVLMOEYE,970739
UIFPPCLR,QVLMOEYE,970739
ROACSLMG,QVLMOEYE,970739
LPHPPJUG,QVLMOEYE,970870
ELQGMQWE,QVLMOEYE,970870
VBYCLTYZ,RAWUKQMJ,2909356
QVLMOEYE,RAWUKQMJ,2909356
APQGTRMF,RAWUKQMJ,2909356
BTMOEMEP,RAWUKQMJ,2909356
BEZYMBBT,RAWUKQMJ,2909356
JPBRUTWP,RAWUKQMJ,2909356
QRKRBYJL,RAWUKQMJ,2909356
UXSPKBJR,RAWUKQMJ,2909356
HXYSSRXE,RAWUKQMJ,2909356
SDWAYPIK,RAWUKQMJ,2909356
ATLDMDBO,RAWUKQMJ,2909356
WBLJNPZQ,RAWUKQMJ,2909356
UGEQLMXM,RAWUKQMJ,2909356
UIFPPCLR,RAWUKQMJ,2909356
XUOIQPFL,RAWUKQMJ,2909356
DUCMGGNW,RAWUKQMJ,2909356
LSOIUSXD,RAWUKQMJ,2909356
DBWLZWNK,RAWUKQMJ,2909356
GYHKIVQT,RAWUKQMJ,2909356
DNMPSKTB,RAWUKQMJ,2909356
ZGJXVMNI,RAWUKQMJ,2912743
FRHNWLNI,RAWUKQMJ,2909356
HCDTGMST,RAWUKQMJ,2912743
OKMBFVKS,RAWUKQMJ,2909356
DEWLVASR,RAWUKQMJ,2912743
JERHKLYW,RAWUKQMJ,2912743
RCBZUSIM,RAWUKQMJ,2909356
ROACSLMG,RAWUKQMJ,2909356
ZKENOUDA,RAWUKQMJ,2912743
IGDVVKUD,RAWUKQMJ,2909356
LLHREMKS,RCBZUSIM,27087
VBYCLTYZ,RCBZUSIM,27087
BUZIIBYG,RCBZUSIM,27087
ZXERAXWP,RCBZUSIM,27087
ZCELVYQU,RCBZUSIM,27087
QRKRBYJL,RCBZUSIM,27087
UGEQLMXM,RCBZUSIM,27087
EVBVXETX,RCBZUSIM,27087
UXSPKBJR,RCBZUSIM,27087
JPBRUTWP,RCBZUSIM,27087
SAHWCZNH,RCBZUSIM,33539
FRHNWLNI,RCBZUSIM,27087
OXKURKXR,RCBZUSIM,27087
KJNSOAHR,RCBZUSIM,27087
NZKBIBNU,RCBZUSIM,27087
UIFPPCLR,RCBZUSIM,27087
SAAYMURU,RCBZUSIM,27087
WPQXWHYO,RCBZUSIM,27087
ELQGMQWE,RCBZUSIM,27087
FQCLOEXA,RCBZUSIM,27087
LUENUFGA,RCBZUSIM,27217
HCDTGMST,RCBZUSIM,27217
AXULOHBQ,RJGPVEXX,557504
DNMPSKTB,RJGPVEXX,557504
HXYSSRXE,RJGPVEXX,557504
RAWUKQMJ,RJGPVEXX,557504
KAGJCHMR,RJGPVEXX,552921
ZKENOUDA,RJGPVEXX,552921
ZGJXVMNI,RJGPVEXX,552921
BSRMSVTC,RJGPVEXX,557504
GYHKIVQT,RJGPVEXX,557504
LSOIUSXD,RJGPVEXX,557504
JPBRUTWP,RJGPVEXX,557504
LPHPPJUG,RJGPVEXX,552921
APQGTRMF,RJGPVEXX,557504
ELQGMQWE,RJGPVEXX,552921
BJALXPFS,RJGPVEXX,557504
XIPPENFQ,RJGPVEXX,552921
QVLMOEYE,RJGPVEXX,557504
AHMDUILJ,RJGPVEXX,552921
DEWLVASR,RJGPVEXX,552921
BUZIIBYG,RJGPVEXX,552921
ATLDMDBO,RJGPVEXX,557504
RCBZUSIM,RJGPVEXX,557504
BEZYMBBT,RJGPVEXX,553051
WQMVCOEM,RJGPVEXX,557504
QKXNTIIB,RJGPVEXX,557504
FQCLOEXA,RJGPVEXX,552921
FRHNWLNI,RJGPVEXX,553051
LRVGFDFM,ROACSLMG,2221957
BTMOEMEP,ROACSLMG,2221957
UXSPKBJR,ROACSLMG,2221957
JBVHSUWY,ROACSLMG,2226814
SNHYOVBM,ROACSLMG,2226814
APQGTRMF,ROACSLMG,2226814
RCBZUSIM,ROACSLMG,2226814
FTSVTTSR,SAAYMURU,17950
JERHKLYW,SAAYMURU,17950
JSLXRQOK,SAAYMURU,17950
JBVHSUWY,SAAYMURU,17950
FITUEHWN,SAAYMURU,17950
SUOYXCHP,SAAYMURU,17950
UIFPPCLR,SAAYMURU,18081
QKXNTIIB,SAAYMURU,17950
IGDVVKUD,SAAYMURU,17950
BJALXPFS,SAAYMURU,17950
ZKENOUDA,SAAYMURU,17950
AXULOHBQ,SAHWCZNH,1935598
RCBZUSIM,SAHWCZNH,1935598
HXYSSRXE,SAHWCZNH,1935598
FQCLOEXA,SAHWCZNH,1947276
EVBVXETX,SAHWCZNH,1947276
GYHKIVQT,SAHWCZNH,1935598
LPHPPJUG,SAHWCZNH,1947276
RJGPVEXX,SAHWCZNH,1947276
UXSPKBJR,SAHWCZNH,1947276
WPQXWHYO,SAHWCZNH,1947276
SUOYXCHP,SAHWCZNH,1935598
JPBRUTWP,SAHWCZNH,1935598
FDXPMYGF,SAHWCZNH,1935598
QVLMOEYE,SAHWCZNH,1935598
LUENUFGA,SAHWCZNH,1947276
WQMVCOEM,SAHWCZNH,1935598
RAWUKQMJ,SAHWCZNH,1935598
ZGJXVMNI,SAHWCZNH,1947276
BSRMSVTC,SAHWCZNH,1935598
QRKRBYJL,SAHWCZNH,1935598
DUCMGGNW,SAHWCZNH,1935598
DNMPSKTB,SDWAYPIK,2848913
XUOIQPFL,SDWAYPIK,2848913
LRVGFDFM,SDWAYPIK,2848913
GYHKIVQT,SDWAYPIK,2848913
ATLDMDBO,SDWAYPIK,2848913
ZGJXVMNI,SDWAYPIK,2857452
JPBRUTWP,SDWAYPIK,2848913
VBYCLTYZ,SDWAYPIK,2848913
QRKRBYJL,SDWAYPIK,2848913
HXYSSRXE,SDWAYPIK,2848913
DEWLVASR,SDWAYPIK,2857452
OXKURKXR,SDWAYPIK,2848913
ZKENOUDA,SDWAYPIK,2857452
BEZYMBBT,SDWAYPIK,2848913
ELQGMQWE,SDWAYPIK,2857452
IGDVVKUD,SDWAYPIK,2848913
UGEQLMXM,SDWAYPIK,2848913
BTMOEMEP,SDWAYPIK,2848913
DBWLZWNK,SDWAYPIK,2848913
OKMBFVKS,SDWAYPIK,2848913
UXSPKBJR,SDWAYPIK,2848913
APQGTRMF,SDWAYPIK,2848913
QVLMOEYE,SDWAYPIK,2848913
AXULOHBQ,SDWAYPIK,2848913
KAGJCHMR,SDWAYPIK,2857452
LSOIUSXD,SDWAYPIK,2848913
JBVHSUWY,SDWAYPIK,2848913
RJGPVEXX,SDWAYPIK,2857452
RCBZUSIM,SDWAYPIK,2848913
VMAQSTJE,SDWAYPIK,2848913
XMKRPGLB,SNHYOVBM,441877
QKXNTIIB,SNHYOVBM,441877
ROACSLMG,SNHYOVBM,441877
FTSVTTSR,SNHYOVBM,441877
OJIFIHMZ,SNHYOVBM,441877
WBLJNPZQ,SNHYOVBM,440431
FQCLOEXA,SNHYOVBM,441877
BJALXPFS,SNHYOVBM,441877
BUZIIBYG,SNHYOVBM,440431
XUOIQPFL,SNHYOVBM,442008
FITUEHWN,STZDBITS,23076433
LLHREMKS,STZDBITS,23076433
FTSVTTSR,STZDBITS,23076433
HCDTGMST,STZDBITS,23076433
SUOYXCHP,STZDBITS,23076433
SAAYMURU,STZDBITS,23076433
RAWUKQMJ,STZDBITS,23076433
OJIFIHMZ,STZDBITS,23063392
JSLXRQOK,STZDBITS,23076433
FDXPMYGF,STZDBITS,23076433
ELQGMQWE,STZDBITS,23076433
XMKRPGLB,STZDBITS,23076433
ZXERAXWP,STZDBITS,23076564
FDXPMYGF,SUOYXCHP,13881
IGDVVKUD,SUOYXCHP,13881
LRVGFDFM,SUOYXCHP,13881
SAAYMURU,SUOYXCHP,13881
UXSPKBJR,SUOYXCHP,13881
OKMBFVKS,SUOYXCHP,13881
VBYCLTYZ,SUOYXCHP,13881
HXYSSRXE,SUOYXCHP,13881
WQMVCOEM,SUOYXCHP,13881
JBVHSUWY,SUOYXCHP,13881
OXKURKXR,SUOYXCHP,13881
WBLJNPZQ,SUOYXCHP,13881
FTSVTTSR,SUOYXCHP,13881
CCLHWFWF,SUOYXCHP,13881
ATLDMDBO,SUOYXCHP,13881
RAWUKQMJ,SUOYXCHP,13881
ROACSLMG,SUOYXCHP,13881
MBSBZBXA,SUOYXCHP,13881
BSRMSVTC,SUOYXCHP,13881
AXULOHBQ,SUOYXCHP,13881
EVBVXETX,SUOYXCHP,13881
BTMOEMEP,SUOYXCHP,13881
RCBZUSIM,SUOYXCHP,13881
BUZIIBYG,SUOYXCHP,13881
UGEQLMXM,SUOYXCHP,13881
JPBRUTWP,SUOYXCHP,13881
QVLMOEYE,SUOYXCHP,13881
QKXNTIIB,SUOYXCHP,13881
DNMPSKTB,UGEQLMXM,130445
LLHREMKS,UGEQLMXM,130445
LRVGFDFM,UGEQLMXM,130445
BTMOEMEP,UGEQLMXM,130445
ATLDMDBO,UGEQLMXM,130445
XUOIQPFL,UGEQLMXM,130445
WBLJNPZQ,UGEQLMXM,130445
LUENUFGA,UGEQLMXM,132755
ZCELVYQU,UGEQLMXM,130445
QRKRBYJL,UGEQLMXM,130445
BJALXPFS,UGEQLMXM,130445
OXKURKXR,UGEQLMXM,130445
HXYSSRXE,UGEQLMXM,130445
FRHNWLNI,UGEQLMXM,130445
ZGJXVMNI,UGEQLMXM,132755
IGDVVKUD,UGEQLMXM,130445
VBYCLTYZ,UGEQLMXM,130445
FITUEHWN,UGEQLMXM,130445
EVBVXETX,UGEQLMXM,130445
KJNSOAHR,UGEQLMXM,130445
FTSVTTSR,UGEQLMXM,130445
BUZIIBYG,UGEQLMXM,132755
UXSPKBJR,UGEQLMXM,130445
FDXPMYGF,UGEQLMXM,130445
RAWUKQMJ,UGEQLMXM,130445
VUAFAIYJ,UIFPPCLR,385192
RJGPVEXX,UIFPPCLR,385192
DNMPSKTB,UIFPPCLR,379388
BJALXPFS,UIFPPCLR,379388
LLHREMKS,UIFPPCLR,379388
UGEQLMXM,UIFPPCLR,379388
SDWAYPIK,UIFPPCLR,379388
VBYCLTYZ,UIFPPCLR,379388
APQGTRMF,UIFPPCLR,379388
DUCMGGNW,UIFPPCLR,385192
DBWLZWNK,UIFPPCLR,379388
ZGJXVMNI,UIFPPCLR,379519
QKXNTIIB,UQYUIVVR,4441067
IGDVVKUD,UQYUIVVR,4441067
RJGPVEXX,UQYUIVVR,4441067
GKQIJYDH,UQYUIVVR,4441067
UGEQLMXM,UQYUIVVR,4441067
ZGJXVMNI,UQYUIVVR,4441067
FTSVTTSR,UQYUIVVR,4441067
FCYBOAXC,UQYUIVVR,4441198
HXYSSRXE,UQYUIVVR,4441198
UGEQLMXM,UXSPKBJR,429403
QRKRBYJL,UXSPKBJR,429403
AHMDUILJ,UXSPKBJR,429403
AXULOHBQ,UXSPKBJR,436960
LRVGFDFM,UXSPKBJR,429403
BTMOEMEP,UXSPKBJR,429403
WPQXWHYO,UXSPKBJR,436960
IGDVVKUD,UXSPKBJR,429403
XUOIQPFL,UXSPKBJR,429403
SDWAYPIK,UXSPKBJR,429403
XIFHSOWQ,UXSPKBJR,429403
JPBRUTWP,UXSPKBJR,429403
FRHNWLNI,UXSPKBJR,429403
QJQJSWFU,UXSPKBJR,429403
KJNSOAHR,UXSPKBJR,429403
RAWUKQMJ,UXSPKBJR,436960
JERHKLYW,UXSPKBJR,431558
VBYCLTYZ,UXSPKBJR,429403
ROACSLMG,UXSPKBJR,429403
NZKBIBNU,UXSPKBJR,436960
BEZYMBBT,UXSPKBJR,429403
STZDBITS,UXSPKBJR,429403
UGEQLMXM,VBYCLTYZ,641808
IGDVVKUD,VBYCLTYZ,641808
LLHREMKS,VBYCLTYZ,641808
ATLDMDBO,VBYCLTYZ,641808
DNMPSKTB,VBYCLTYZ,641808
ZXERAXWP,VBYCLTYZ,641808
KJNSOAHR,VBYCLTYZ,641808
ZCELVYQU,VBYCLTYZ,641808
CCLHWFWF,VBYCLTYZ,641808
JPBRUTWP,VBYCLTYZ,641808
UXSPKBJR,VBYCLTYZ,641808
ROACSLMG,VBYCLTYZ,641808
VUAFAIYJ,VBYCLTYZ,645882
BTMOEMEP,VBYCLTYZ,641808
FCYBOAXC,VBYCLTYZ,641808
FQCLOEXA,VBYCLTYZ,641808
ZGJXVMNI,VBYCLTYZ,641939
LRVGFDFM,VBYCLTYZ,641808
APQGTRMF,VBYCLTYZ,645882
BSRMSVTC,VMAQSTJE,57559
APQGTRMF,VMAQSTJE,57559
AXULOHBQ,VMAQSTJE,57559
HXYSSRXE,VMAQSTJE,57559
GYHKIVQT,VMAQSTJE,57559
ATLDMDBO,VMAQSTJE,57559
WBLJNPZQ,VMAQSTJE,57559
LPHPPJUG,VMAQSTJE,59869
SDWAYPIK,VMAQSTJE,57559
QVLMOEYE,VMAQSTJE,57559
UIFPPCLR,VMAQSTJE,57559
LSOIUSXD,VMAQSTJE,57559
DEWLVASR,VMAQSTJE,59869
DDEXPPXU,VMAQSTJE,59869
DUCMGGNW,VMAQSTJE,57559
WQMVCOEM,VMAQSTJE,57559
OKMBFVKS,VMAQSTJE,57559
OXKURKXR,VMAQSTJE,57559
DNMPSKTB,VMAQSTJE,57559
VUAFAIYJ,VMAQSTJE,57689
RCBZUSIM,VMAQSTJE,57559
BEZYMBBT,VMAQSTJE,57559
UGEQLMXM,VMAQSTJE,57559
ELQGMQWE,VUAFAIYJ,719826
ZKENOUDA,VUAFAIYJ,719826
FCYBOAXC,VUAFAIYJ,719826
VWMBASNE,VUAFAIYJ,723214
RJGPVEXX,VUAFAIYJ,719826
ZXERAXWP,VUAFAIYJ,719826
LSOIUSXD,VUAFAIYJ,723214
AXULOHBQ,VUAFAIYJ,723214
LTOYKIML,VUAFAIYJ,719826
CCLHWFWF,VUAFAIYJ,719826
ZGJXVMNI,VUAFAIYJ,719826
LLHREMKS,VUAFAIYJ,719826
LRVGFDFM,VUAFAIYJ,719826
JERHKLYW,VUAFAIYJ,719826
XIPPENFQ,VUAFAIYJ,723214
WBLJNPZQ,VUAFAIYJ,719826
JPBRUTWP,VUAFAIYJ,719957
WHPUAOID,VUAFAIYJ,721729
ZCELVYQU,VUAFAIYJ,719826
GYHKIVQT,VUAFAIYJ,719957
FDXPMYGF,VWMBASNE,136583
BSRMSVTC,VWMBASNE,136583
CCLHWFWF,VWMBASNE,136583
WBLJNPZQ,VWMBASNE,136583
DNMPSKTB,VWMBASNE,136583
OKMBFVKS,VWMBASNE,136583
HXYSSRXE,VWMBASNE,136583
XUOIQPFL,VWMBASNE,136583
KEUWZRKO,VWMBASNE,136583
SDWAYPIK,VWMBASNE,136583
QVLMOEYE,VWMBASNE,136583
BJALXPFS,VWMBASNE,136583
LRVGFDFM,VWMBASNE,136583
VUAFAIYJ,VWMBASNE,142067
DEWLVASR,VWMBASNE,142067
LUENUFGA,VWMBASNE,136583
AXULOHBQ,VWMBASNE,136583
GYHKIVQT,VWMBASNE,136583
ATLDMDBO,VWMBASNE,136583
RJGPVEXX,VWMBASNE,136714
XIFHSOWQ,VWMBASNE,136583
NZKBIBNU,VWMBASNE,138621
ZGJXVMNI,VWMBASNE,136714
QVLMOEYE,WBLJNPZQ,126643
LSOIUSXD,WBLJNPZQ,126643
VUAFAIYJ,WBLJNPZQ,130154
OKMBFVKS,WBLJNPZQ,126643
JPBRUTWP,WBLJNPZQ,126643
APQGTRMF,WBLJNPZQ,126643
VBYCLTYZ,WBLJNPZQ,126643
FITUEHWN,WBLJNPZQ,126643
UGEQLMXM,WBLJNPZQ,126643
SDWAYPIK,WBLJNPZQ,126643
QRKRBYJL,WBLJNPZQ,126643
RCBZUSIM,WBLJNPZQ,126643
DBWLZWNK,WBLJNPZQ,126643
GYHKIVQT,WBLJNPZQ,126643
FCYBOAXC,WBLJNPZQ,126643
ATLDMDBO,WBLJNPZQ,126643
VMAQSTJE,WBLJNPZQ,126643
VWMBASNE,WBLJNPZQ,126643
BJALXPFS,WBLJNPZQ,126643
XUOIQPFL,WBLJNPZQ,126643
ROACSLMG,WBLJNPZQ,126643
OXKURKXR,WBLJNPZQ,126643
ZGJXVMNI,WBLJNPZQ,130154
AHMDUILJ,WBLJNPZQ,126643
UIFPPCLR,WBLJNPZQ,126643
BTMOEMEP,WBLJNPZQ,126643
BUZIIBYG,WBLJNPZQ,126643
RAWUKQMJ,WBLJNPZQ,126643
CCLHWFWF,WBLJNPZQ,130154
WHPUAOID,WBLJNPZQ,126773
APQGTRMF,WHPUAOID,35104
UGEQLMXM,WHPUAOID,35104
ZXERAXWP,WHPUAOID,35104
UQYUIVVR,WHPUAOID,35104
VBYCLTYZ,WHPUAOID,35104
IGDVVKUD,WHPUAOID,35104
XUOIQPFL,WHPUAOID,35104
VUAFAIYJ,WHPUAOID,35104
LTOYKIML,WHPUAOID,35104
CCLHWFWF,WHPUAOID,35104
SAAYMURU,WHPUAOID,35104
LRVGFDFM,WHPUAOID,35104
UXSPKBJR,WHPUAOID,35104
BEZYMBBT,WHPUAOID,35104
EVBVXETX,WPQXWHYO,11052156
FQCLOEXA,WPQXWHYO,11052156
AXULOHBQ,WPQXWHYO,11055543
HXYSSRXE,WPQXWHYO,11055543
RAWUKQMJ,WPQXWHYO,11055543
GYHKIVQT,WPQXWHYO,11055543
BSRMSVTC,WPQXWHYO,11055543
ZGJXVMNI,WPQXWHYO,11052156
DNMPSKTB,WPQXWHYO,11055543
SAHWCZNH,WPQXWHYO,11055543
XIFHSOWQ,WPQXWHYO,11055543
NZKBIBNU,WPQXWHYO,11052156
DEWLVASR,WPQXWHYO,11052156
OXKURKXR,WPQXWHYO,11055543
LPHPPJUG,WPQXWHYO,11052156
ZKENOUDA,WPQXWHYO,11052156
RCBZUSIM,WPQXWHYO,11055543
ATLDMDBO,WPQXWHYO,11055543
AHMDUILJ,WPQXWHYO,11052156
VWMBASNE,WPQXWHYO,11052287
KEUWZRKO,WPQXWHYO,11055543
BEZYMBBT,WPQXWHYO,11055543
JERHKLYW,WPQXWHYO,11052156
BUZIIBYG,WPQXWHYO,11052156
RJGPVEXX,WPQXWHYO,11052156
APQGTRMF,WPQXWHYO,11055543
ELQGMQWE,WPQXWHYO,11052156
QRKRBYJL,WPQXWHYO,11055543
LUENUFGA,WPQXWHYO,11053592
QKXNTIIB,WPQXWHYO,11055543
UQYUIVVR,WQMVCOEM,193537
BUZIIBYG,WQMVCOEM,193537
DBWLZWNK,WQMVCOEM,193537
GKQIJYDH,WQMVCOEM,193537
IGDVVKUD,WQMVCOEM,193537
ZCELVYQU,WQMVCOEM,193537
BTMOEMEP,WQMVCOEM,193537
UXSPKBJR,WQMVCOEM,193537
ROACSLMG,WQMVCOEM,193537
LRVGFDFM,WQMVCOEM,193537
QJQJSWFU,WQMVCOEM,193537
FQCLOEXA,WQMVCOEM,193537
SDWAYPIK,WQMVCOEM,193537
AHMDUILJ,WQMVCOEM,193537
LLHREMKS,WQMVCOEM,193537
QRKRBYJL,WQMVCOEM,193537
EVBVXETX,WQMVCOEM,193537
BEZYMBBT,WQMVCOEM,193537
AXULOHBQ,WQMVCOEM,193537
KJNSOAHR,WQMVCOEM,193537
AXULOHBQ,XIFHSOWQ,35987
FDXPMYGF,XIFHSOWQ,35987
SAHWCZNH,XIFHSOWQ,35987
HXYSSRXE,XIFHSOWQ,35987
LPHPPJUG,XIFHSOWQ,38297
GYHKIVQT,XIFHSOWQ,35987
FQCLOEXA,XIFHSOWQ,38297
WBLJNPZQ,XIFHSOWQ,35987
DNMPSKTB,XIFHSOWQ,35987
RJGPVEXX,XIFHSOWQ,38297
RAWUKQMJ,XIFHSOWQ,35987
BJALXPFS,XIFHSOWQ,35987
UQYUIVVR,XIFHSOWQ,35987
EVBVXETX,XIFHSOWQ,38297
NZKBIBNU,XIFHSOWQ,38297
KEUWZRKO,XIFHSOWQ,35987
SUOYXCHP,XIFHSOWQ,35987
BSRMSVTC,XIFHSOWQ,35987
AHMDUILJ,XIFHSOWQ,37423
ZGJXVMNI,XIFHSOWQ,38297
WQMVCOEM,XIFHSOWQ,35987
XIFHSOWQ,XIPPENFQ,112195
VWMBASNE,XIPPENFQ,112195
SAHWCZNH,XIPPENFQ,112195
KEUWZRKO,XIPPENFQ,112195
VMAQSTJE,XIPPENFQ,112195
EVBVXETX,XIPPENFQ,116484
LSOIUSXD,XIPPENFQ,112195
HCDTGMST,XIPPENFQ,112195
WPQXWHYO,XIPPENFQ,116484
FQCLOEXA,XIPPENFQ,116484
UXSPKBJR,XIPPENFQ,116484
LUENUFGA,XIPPENFQ,112195
JERHKLYW,XIPPENFQ,112195
VUAFAIYJ,XIPPENFQ,116484
RJGPVEXX,XIPPENFQ,116484
FRHNWLNI,XIPPENFQ,116484
NZKBIBNU,XIPPENFQ,116484
ZKENOUDA,XIPPENFQ,112326
ATLDMDBO,XIPPENFQ,112326
FDXPMYGF,XIPPENFQ,112195
HXYSSRXE,XIPPENFQ,112195
BEZYMBBT,XMKRPGLB,819592
WHPUAOID,XMKRPGLB,819592
KJNSOAHR,XMKRPGLB,819592
FITUEHWN,XMKRPGLB,805936
ROACSLMG,XMKRPGLB,806067
UXSPKBJR,XMKRPGLB,806067
LRVGFDFM,XMKRPGLB,819592
RCBZUSIM,XMKRPGLB,805936
YSYHGLQK,XMKRPGLB,805936
ELQGMQWE,XMKRPGLB,806067
VMAQSTJE,XMKRPGLB,806067
SDWAYPIK,XUOIQPFL,2725796
QVLMOEYE,XUOIQPFL,2725796
UIFPPCLR,XUOIQPFL,2725796
GYHKIVQT,XUOIQPFL,2725796
QRKRBYJL,XUOIQPFL,2725796
JPBRUTWP,XUOIQPFL,2725796
VBYCLTYZ,XUOIQPFL,2725796
WBLJNPZQ,XUOIQPFL,2725796
BTMOEMEP,XUOIQPFL,2725796
DEWLVASR,XUOIQPFL,2729184
ATLDMDBO,XUOIQPFL,2725796
RCBZUSIM,XUOIQPFL,2725796
APQGTRMF,XUOIQPFL,2725796
OKMBFVKS,XUOIQPFL,2725796
VUAFAIYJ,XUOIQPFL,2729184
DNMPSKTB,XUOIQPFL,2725796
QJQJSWFU,XUOIQPFL,2725796
HXYSSRXE,XUOIQPFL,2725796
VMAQSTJE,XUOIQPFL,2725796
RJGPVEXX,XUOIQPFL,2729184
SUOYXCHP,XUOIQPFL,2725796
LSOIUSXD,XUOIQPFL,2725796
BEZYMBBT,XUOIQPFL,2725796
UGEQLMXM,XUOIQPFL,2725796
ZKENOUDA,XUOIQPFL,2729184
ZGJXVMNI,XUOIQPFL,2729184
UQYUIVVR,XUOIQPFL,2729184
IGDVVKUD,XUOIQPFL,2725796
YSYHGLQK,XUOIQPFL,2725927
CCLHWFWF,XUOIQPFL,2725796
FTSVTTSR,YSYHGLQK,765
STZDBITS,YSYHGLQK,765
LLHREMKS,YSYHGLQK,765
GKQIJYDH,YSYHGLQK,765
RCBZUSIM,YSYHGLQK,765
AHMDUILJ,YSYHGLQK,2096
CCLHWFWF,YSYHGLQK,2096
KAGJCHMR,YSYHGLQK,765
DBWLZWNK,YSYHGLQK,765
JSLXRQOK,YSYHGLQK,765
SNHYOVBM,YSYHGLQK,765
FCYBOAXC,YSYHGLQK,765
LLHREMKS,ZCELVYQU,184878
JSLXRQOK,ZCELVYQU,184878
FTSVTTSR,ZCELVYQU,184878
ELQGMQWE,ZCELVYQU,184878
ZKENOUDA,ZCELVYQU,184878
DEWLVASR,ZCELVYQU,184878
VUAFAIYJ,ZCELVYQU,184878
EVBVXETX,ZCELVYQU,184878
KJNSOAHR,ZCELVYQU,184878
RJGPVEXX,ZCELVYQU,184878
FQCLOEXA,ZCELVYQU,184878
FRHNWLNI,ZCELVYQU,184878
LTOYKIML,ZCELVYQU,184878
CCLHWFWF,ZCELVYQU,184878
ZGJXVMNI,ZCELVYQU,184878
NZKBIBNU,ZCELVYQU,184878
GKQIJYDH,ZCELVYQU,184878
KAGJCHMR,ZCELVYQU,184878
SDWAYPIK,ZCELVYQU,185009
UQYUIVVR,ZCELVYQU,184878
WPQXWHYO,ZCELVYQU,184878
ELQGMQWE,ZGJXVMNI,3660823
ZXERAXWP,ZGJXVMNI,3660823
GYHKIVQT,ZGJXVMNI,3665425
DNMPSKTB,ZGJXVMNI,3665425
OXKURKXR,ZGJXVMNI,3665425
ATLDMDBO,ZGJXVMNI,3665425
YSYHGLQK,ZGJXVMNI,3660823
JPBRUTWP,ZGJXVMNI,3665425
APQGTRMF,ZGJXVMNI,3665425
QRKRBYJL,ZGJXVMNI,3665425
QVLMOEYE,ZGJXVMNI,3665425
LLHREMKS,ZGJXVMNI,3660823
VBYCLTYZ,ZGJXVMNI,3665425
HXYSSRXE,ZGJXVMNI,3665425
ZKENOUDA,ZGJXVMNI,3660823
OKMBFVKS,ZGJXVMNI,3665425
SDWAYPIK,ZGJXVMNI,3665425
DBWLZWNK,ZGJXVMNI,3665425
XUOIQPFL,ZGJXVMNI,3665425
RJGPVEXX,ZGJXVMNI,3660823
RCBZUSIM,ZGJXVMNI,3665425
UXSPKBJR,ZGJXVMNI,3665425
DEWLVASR,ZGJXVMNI,3660823
GKQIJYDH,ZGJXVMNI,3660823
HCDTGMST,ZGJXVMNI,3660823
BEZYMBBT,ZGJXVMNI,3665425
BTMOEMEP,ZGJXVMNI,3665425
UIFPPCLR,ZGJXVMNI,3665425
UGEQLMXM,ZGJXVMNI,3660954
LSOIUSXD,ZGJXVMNI,3660954
DNMPSKTB,ZKENOUDA,518133
ZGJXVMNI,ZKENOUDA,508528
DEWLVASR,ZKENOUDA,508528
ELQGMQWE,ZKENOUDA,508528
GYHKIVQT,ZKENOUDA,518133
OXKURKXR,ZKENOUDA,518133
SDWAYPIK,ZKENOUDA,518133
FQCLOEXA,ZKENOUDA,508528
ZXERAXWP,ZKENOUDA,508528
JPBRUTWP,ZKENOUDA,518133
LSOIUSXD,ZKENOUDA,518133
LPHPPJUG,ZKENOUDA,508528
QRKRBYJL,ZKENOUDA,518133
RJGPVEXX,ZKENOUDA,508528
WPQXWHYO,ZKENOUDA,508528
QVLMOEYE,ZKENOUDA,518133
APQGTRMF,ZKENOUDA,518133
BEZYMBBT,ZKENOUDA,518133
XUOIQPFL,ZKENOUDA,518133
ATLDMDBO,ZKENOUDA,518133
VBYCLTYZ,ZKENOUDA,518133
OKMBFVKS,ZKENOUDA,518133
JBVHSUWY,ZKENOUDA,518133
UGEQLMXM,ZKENOUDA,518133
UIFPPCLR,ZKENOUDA,518133
HXYSSRXE,ZKENOUDA,518133
AXULOHBQ,ZKENOUDA,518133
BJALXPFS,ZKENOUDA,518133
RAWUKQMJ,ZKENOUDA,518133
DBWLZWNK,ZKENOUDA,508659
LLHREMKS,ZXERAXWP,161137
ELQGMQWE,ZXERAXWP,161137
ZCELVYQU,ZXERAXWP,161137
GKQIJYDH,ZXERAXWP,161137
DEWLVASR,ZXERAXWP,161137
YSYHGLQK,ZXERAXWP,161137
SAAYMURU,ZXERAXWP,161137
KJNSOAHR,ZXERAXWP,161137
KAGJCHMR,ZXERAXWP,161137
MBSBZBXA,ZXERAXWP,161137
ZGJXVMNI,ZXERAXWP,161137
UQYUIVVR,ZXERAXWP,161137
STZDBITS,ZXERAXWP,161137
LSOIUSXD,ZXERAXWP,161137
OKMBFVKS,ZXERAXWP,163447
ZKENOUDA,ZXERAXWP,161137
QKXNTIIB,ZXERAXWP,161137
BEZYMBBT,ZXERAXWP,161268
